lng,lat
134.0146737,7.53785924
133.6620446,7.80025784
133.8600469,7.46867379
133.6238404,7.67341924
133.751992,7.4728212
133.9083881,7.7892516
133.6873802,7.47256331
133.9814421,7.62759374
134.2156845,7.55776234
133.9455237,7.75065067
133.9553452,7.74514135
134.1623389,7.77583466
133.7159257,7.71612725
133.8403182,7.70903491
133.8306396,7.55611365
133.7998187,7.7124535
133.7761648,7.74896146
133.7832932,7.58790427
133.962505,7.63135713
133.9568143,7.46524105
134.1538436,7.64062334
133.8528263,7.76610383
134.0138314,7.64815807
133.9530428,7.54698712
133.9670835,7.58942434
134.0776772,7.53408892
133.9067272,7.75087655
134.1551923,7.70359942
133.8465394,7.51173966
134.2083068,7.51121924
133.67047,7.54475954
134.0055172,7.58020403
134.1033292,7.60347402
133.7323565,7.76454739
134.0705157,7.76508224
133.7178395,7.68492159
134.0840574,7.48047176
134.1352917,7.52083846
133.7826351,7.47852936
133.6218692,7.64601893
133.7806606,7.49105523
134.1061527,7.72755511
133.6700353,7.68338735
133.9837597,7.49663867
133.9706622,7.57467242
134.1137688,7.75508557
134.0115072,7.73198488
133.6242761,7.59290547
134.1566337,7.49898596
134.2111168,7.79230952
133.7688619,7.74334113
134.1353523,7.68229383
134.2088551,7.76383575
133.8086255,7.78479805
134.0180204,7.79161786
134.1573825,7.76996952
133.6160473,7.62475346
134.2380795,7.58070797
133.6444703,7.67139812
134.0105901,7.51651285
133.9472714,7.6772253
133.8875173,7.57097213
134.0867661,7.76382633
133.7450821,7.61063811
134.1190506,7.5801167
134.1171606,7.6739481
133.8718133,7.54298396
134.0053819,7.58660739
134.029166,7.74655807
134.097095,7.78580105
133.6112496,7.4915616
133.6917597,7.70382438
134.1450183,7.71940856
133.6665625,7.60368512
134.1428403,7.49463444
133.9547306,7.67717292
133.7930137,7.51405978
133.634768,7.66229647
134.2127033,7.64498029
134.017574,7.56680083
134.1337468,7.69593617
133.8146836,7.51031448
134.135422,7.57851708
133.912475,7.79683701
133.950815,7.71380449
133.9514939,7.77130163
134.196673,7.63240143
133.602595,7.77284828
133.9456286,7.58572097
134.183453,7.49219014
133.6948417,7.5883055
134.1530812,7.59298573
133.7444282,7.48486738
133.6419548,7.57238846
134.0078273,7.7926359
133.9033253,7.68005332
133.8088856,7.8022486
133.6144299,7.73181873
134.0215003,7.79349269
133.9392902,7.66759224
133.9654739,7.7834078
133.7847354,7.72948434
134.0566387,7.64898358
133.6654086,7.51357256
133.6924869,7.55793802
133.9701806,7.54494408
133.838544,7.57512361
133.8050899,7.47926413
133.7145209,7.50936186
133.8336133,7.59461319
133.7944244,7.55542062
133.6486911,7.75513302
134.1923448,7.60738866
134.1702584,7.57267744
134.1453673,7.5253081
133.8442844,7.6128686
134.1274571,7.66665328
133.7883205,7.49978263
133.9589817,7.66748808
134.0677953,7.68799848
134.0040282,7.47896999
133.751814,7.49641747
134.1735029,7.66185792
133.799383,7.68156117
134.007363,7.65130782
133.5999007,7.71440724
133.8578262,7.77442369
133.7163534,7.62686558
134.1956886,7.63925505
134.1179686,7.69819894
133.7700863,7.60478669
133.6090788,7.47539668
133.9083023,7.55350592
133.9178846,7.6760909
133.7645535,7.57779971
133.9815742,7.79286014
134.0364946,7.53488026
133.6703185,7.62525647
133.8682084,7.51270688
134.0882303,7.59630471
133.6768771,7.48943448
133.8109908,7.73685236
133.721662,7.62714459
133.6519597,7.65425384
133.7204086,7.54682777
134.136465,7.66979295
134.2325245,7.7381745
134.1422247,7.78643979
133.6016485,7.7643841
134.0443056,7.67043676
133.6374785,7.65013167
134.047698,7.49792565
133.6028443,7.47690826
133.8123055,7.51215473
133.9474179,7.71819226
134.0534596,7.47683641
133.7807118,7.73059039
133.8568222,7.67404284
133.8036409,7.79549121
134.2187518,7.72329469
133.7481785,7.65545262
133.7591571,7.79878003
134.0624032,7.60382383
133.8810474,7.76071785
134.0286583,7.65816442
133.9824566,7.71982576
134.2224182,7.54455228
133.6331885,7.58140505
133.7738035,7.80458132
133.8750004,7.53446222
134.0752386,7.64233671
134.1447766,7.76693643
133.8516185,7.50646125
133.8718102,7.64688413
133.8873075,7.73913039
133.740192,7.60878257
133.9982576,7.5325019
133.7856321,7.64261966
134.0958583,7.79519251
133.7294145,7.5763625
133.7251496,7.67101777
133.7441199,7.74742611
133.9948686,7.49309032
133.9164627,7.51222554
133.9497874,7.74537412
133.885062,7.79303979
133.9748387,7.60432094
133.622944,7.66055861
134.1734016,7.78877434
133.6935106,7.70179553
134.0166089,7.69527405
134.1000163,7.65368107
134.0408367,7.55529409
134.0453837,7.54284695
134.2209546,7.59787038
133.7350535,7.69103773
133.746423,7.58419032
133.766156,7.77696974
134.2113313,7.66120863
133.8011246,7.59108553
134.1138058,7.65809703
134.1165555,7.73147222
133.9397566,7.76824626
134.0089998,7.48828112
134.1929775,7.54581548
134.1465241,7.78582782
133.682712,7.66151446
134.1016153,7.51278539
133.9101478,7.75285659
133.7514461,7.53059471
133.9409326,7.57875076
133.7013707,7.47743854
133.7204045,7.5718902
133.8552316,7.74217888
133.6509601,7.52469238
134.1418431,7.55813161
133.9396058,7.7252443
134.2181174,7.74486337
134.2194802,7.70801467
133.8078421,7.56225604
133.7006872,7.65542216
134.1811562,7.70967892
133.6386384,7.55333901
133.8665349,7.76733202
134.0577938,7.582971
133.979951,7.66882684
134.2261119,7.55364958
133.997259,7.70930813
133.722622,7.75623079
133.6812865,7.64727653
133.6527955,7.77922228
133.9421854,7.49085048
133.7384029,7.58980633
133.6483055,7.75431437
134.1673109,7.54215207
133.6207037,7.76712124
133.7830589,7.52976157
134.2369175,7.75326947
134.0255169,7.50405785
134.0245432,7.62531277
133.6774289,7.54469991
133.7869396,7.67348786
133.6522329,7.67189144
133.8558338,7.57445742
134.1111986,7.55217626
133.6467439,7.7745614
133.924214,7.47894218
133.7248587,7.77541092
134.0684993,7.79632279
134.230885,7.62616471
133.9019828,7.56302548
134.0110939,7.68462454
133.74312,7.69734945
133.6777323,7.75733104
133.9243922,7.62054494
133.8871777,7.56946667
133.8888088,7.64390299
133.7213954,7.6576168
134.0310701,7.65393987
133.9812748,7.66096964
134.0776575,7.4784835
133.7472863,7.75395002
133.8673704,7.4977515
133.6724825,7.55195628
133.9647861,7.6351346
133.9704147,7.72757257
134.0790834,7.53385951
134.1535207,7.79218698
133.7905009,7.78746126
133.8781431,7.72247572
133.9552131,7.75349288
134.036057,7.64163852
133.7367185,7.55332162
133.6450821,7.75952036
133.8271836,7.50088252
134.1726234,7.6864292
134.0686722,7.47766461
134.1507749,7.67053585
133.7910103,7.49075327
133.7635687,7.60442833
133.6525308,7.55121377
133.640961,7.66790927
134.0076655,7.59891353
134.2256116,7.57003731
134.2117511,7.57663758
134.0193752,7.62687085
133.8129306,7.5705291
134.1811841,7.77881616
134.0506576,7.69437972
134.1440642,7.56346421
133.9017552,7.78206423
133.633319,7.52357506
134.0901651,7.77022506
133.9698996,7.70405442
133.9847734,7.56657892
133.7418743,7.7284847
134.0261682,7.51627926
134.1418227,7.78255723
134.1672897,7.77150784
133.9020372,7.58244174
134.153514,7.60322276
134.0813431,7.7341445
133.7721069,7.75123695
134.0148429,7.52900629
134.1246406,7.76187435
133.7449039,7.58275614
133.6112149,7.69665347
133.7905361,7.69722326
133.7674331,7.64488801
133.6314475,7.4905121
133.9807758,7.52581836
133.6136001,7.61458739
134.0508722,7.57842716
133.83649,7.63135751
133.7809352,7.51721887
133.8753559,7.57396045
133.9452238,7.47042391
133.8111311,7.67182164
134.2372803,7.79113839
133.9859899,7.58613446
133.8051126,7.76955827
133.6684332,7.7145091
134.0954579,7.68984034
133.9617935,7.51487274
133.8584558,7.7916058
134.0999498,7.64444207
133.6443337,7.74042761
133.7334166,7.56475286
134.1241782,7.65877304
133.7385532,7.55970575
133.6870721,7.57876537
133.7605764,7.6499334
133.7873313,7.50917525
133.9804799,7.56044468
133.7587397,7.50057118
133.8169867,7.7192308
134.2094923,7.4941324
133.7336669,7.67075125
133.9621115,7.80112189
133.9510768,7.57504495
133.9902241,7.66329546
134.0151114,7.4945342
133.6775778,7.49242966
133.655987,7.68892555
133.9840287,7.5920178
133.8772851,7.58225295
133.6146082,7.73258203
133.7539291,7.65785451
134.1904933,7.7312467
133.7745183,7.66107609
133.94756,7.70433789
134.1102245,7.58606023
134.1085325,7.69437188
134.0381077,7.7984638
133.7566859,7.78353189
133.879184,7.57339316
134.2389406,7.56294166
133.9567682,7.68094829
133.6708937,7.68311529
133.7066423,7.54904855
133.7933218,7.74326505
134.2162375,7.69721359
134.0299695,7.67307259
133.9084785,7.50353567
134.1091794,7.49291928
134.0508206,7.72462051
133.6362999,7.68416623
133.9506112,7.57937613
134.1923986,7.66804037
134.1723986,7.57260216
133.9153384,7.57516496
134.0419952,7.51738254
134.1715338,7.56363829
133.8941174,7.80967107
134.2048393,7.56529293
133.6006129,7.79014021
133.7136632,7.54928819
133.7531226,7.48945654
133.8697798,7.67124497
133.9263275,7.46961949
133.9367103,7.70714469
134.21448,7.79696243
133.6960008,7.58613553
133.7322161,7.75821558
134.0871581,7.69313298
134.1217349,7.61860638
133.9589587,7.78827279
134.1417242,7.76834859
134.0010886,7.75010566
134.2147471,7.61556566
133.6999758,7.79188894
134.0583601,7.77368372
134.1549308,7.52607196
133.7652735,7.52113669
133.6647762,7.56028315
134.0686266,7.75790129
133.7656135,7.5363506
134.1728307,7.686029
133.6274831,7.59086798
134.2259717,7.71565064
134.0823659,7.7065204
134.0903388,7.52017609
133.9905014,7.71384585
134.0551528,7.52258739
133.6557135,7.49583661
133.8852601,7.47182155
133.8295297,7.59443231
134.0425816,7.67487303
134.0767717,7.6401109
133.6256764,7.72357114
134.0630143,7.62840211
134.0593743,7.63587414
133.7472452,7.70552294
133.7607082,7.55953561
133.9092392,7.58159111
133.968132,7.753161
133.8138441,7.75699784
134.2258092,7.75316136
134.0270941,7.47239576
134.0096826,7.76486843
134.1470685,7.60386463
133.6181286,7.7058725
133.9747131,7.7122226
133.7621449,7.68032795
134.0714343,7.54226625
133.9342919,7.73923312
133.6073943,7.56997379
133.8546615,7.48810301
133.6717347,7.68858254
134.1287586,7.56986264
133.8872006,7.68394061
133.8080308,7.56129744
133.9716693,7.7576449
134.1159251,7.51033934
133.7586766,7.55709715
134.2217013,7.74194603
133.8077583,7.78225319
133.7962992,7.58644833
133.8156089,7.74548011
133.6030703,7.74847663
133.6031144,7.6859707
134.1768741,7.4752926
133.8162228,7.60976542
134.111486,7.64723396
134.2321051,7.76310275
134.1440165,7.71739157
134.1473037,7.74013981
134.2213444,7.74942015
134.2012286,7.57738644
134.0612271,7.62849405
133.674883,7.64630232
134.2176232,7.7629463
133.6375886,7.72829709
133.7277955,7.7733825
134.1020523,7.5470604
134.0351119,7.68158141
134.1661615,7.78539835
134.1989619,7.74906027
134.0700156,7.66117225
133.7381809,7.62380415
134.1123522,7.74302858
133.7651169,7.5645017
133.6730411,7.70598005
133.9863848,7.4647274
133.9092402,7.62243482
133.8612945,7.63635825
134.1507875,7.57541166
133.9161056,7.80595669
134.0862461,7.68223521
134.1786784,7.80598384
133.9916336,7.71949117
134.1279974,7.76926899
134.1101287,7.61499449
133.6516729,7.66868315
133.7245404,7.58842089
133.707272,7.53519084
133.6848718,7.69262603
134.0355284,7.51808475
134.158157,7.52367865
134.1251135,7.53036968
134.0761763,7.7139417
134.0896283,7.68658195
134.0562826,7.47228074
133.9074488,7.66286132
134.1811541,7.70544083
133.9573007,7.77423665
134.2100821,7.67326315
133.6470639,7.71269566
133.8455507,7.58255292
133.7391705,7.76646013
134.1842678,7.47346781
133.6528063,7.73314383
134.148183,7.60263994
134.1596665,7.57796588
134.0503139,7.77337816
133.5980759,7.60750525
133.9114088,7.70184243
134.0340333,7.48654193
133.627768,7.7730386
133.7151748,7.70657452
133.6374426,7.48989564
133.606482,7.5946482
133.9248686,7.48439071
134.1093605,7.80083033
134.1275196,7.78766816
134.1878103,7.70324935
134.0160858,7.75129897
134.024265,7.76750737
133.6134896,7.5334416
134.2349748,7.70566706
133.6250958,7.68325503
133.70695,7.64278104
134.0134816,7.75855444
134.2081016,7.72767597
133.6395045,7.79421011
133.9544258,7.74480979
134.082623,7.69648982
133.9431929,7.72306089
133.8967783,7.70093532
134.209079,7.69605527
134.1762604,7.54966686
133.6402032,7.55870592
134.0774275,7.65447878
134.1540879,7.64742752
133.7659007,7.55388917
133.8194368,7.70674989
133.6568353,7.61094348
133.6806409,7.70801225
133.7872235,7.65505318
133.9696071,7.55103158
133.6138383,7.48806532
133.8137856,7.69569209
133.9071365,7.74922382
134.216014,7.6201531
133.6601155,7.71392909
134.0030475,7.49359575
133.7628357,7.47064677
133.9494714,7.59876297
133.891809,7.64765696
133.9915453,7.79534162
133.8425894,7.68686451
134.1429391,7.52932688
133.8873863,7.76510821
133.9117788,7.66683877
133.9858302,7.50571138
134.1110039,7.69830978
133.9709555,7.64072118
133.864229,7.75160719
134.213312,7.68505361
134.1593774,7.59574251
134.0378524,7.57210808
134.2103863,7.48822762
134.0397735,7.7653776
133.7254034,7.78273208
133.8139078,7.77475105
133.8442183,7.79438964
133.9297581,7.72448897
133.835037,7.71162493
133.7867915,7.560615
134.2380155,7.78597683
134.1923721,7.70254639
134.1761045,7.51407058
133.9508889,7.71813286
134.1134827,7.59728401
134.1951382,7.65499596
134.1194308,7.70147834
134.1350016,7.75599959
134.0116193,7.76951645
133.7963308,7.65787869
133.9678147,7.70763316
134.0890271,7.56846665
133.605152,7.48431071
133.7152863,7.69094352
134.1840825,7.70885152
133.7560275,7.707203
133.7640095,7.69386098
133.8421996,7.65743286
133.6020041,7.56177358
134.0346205,7.68515943
133.7730163,7.61019926
134.2175221,7.56699889
134.0946307,7.64792618
134.0934334,7.54667255
134.2084546,7.64239512
133.6307155,7.55816646
133.6483324,7.80763754
133.9542997,7.77415891
134.1773827,7.6590148
133.79569,7.73376356
133.6766593,7.66030999
133.7470675,7.52569496
134.0517777,7.61139172
133.7295962,7.53451778
134.1306073,7.49942492
133.9153654,7.67825712
134.0814448,7.46647035
133.6221215,7.63271635
133.9170566,7.722095
133.967381,7.5987767
134.0060881,7.56655852
133.9167686,7.66052222
134.0645066,7.78551512
133.9646677,7.71537573
133.9644024,7.47739632
134.0231714,7.69205922
133.6367231,7.78340225
133.6945234,7.52283578
133.7844134,7.61282185
133.6502457,7.7198797
134.2252314,7.65901803
133.9636884,7.65883072
134.2361547,7.74981493
134.0449303,7.6246105
133.696667,7.69800797
133.902737,7.53209131
134.1937605,7.49829403
133.8561668,7.74692107
133.6082575,7.60595236
134.1956231,7.68954942
134.2297012,7.47006354
133.7878747,7.75255882
133.7579931,7.77346576
133.7736858,7.7752907
134.1537628,7.68199041
133.7409195,7.52075862
134.2312738,7.7731815
133.60003,7.511581
133.920687,7.77526016
133.9725547,7.50907065
133.6489464,7.49461253
133.7973608,7.55990267
134.0528188,7.65964784
134.1859812,7.49956083
133.9530124,7.57338408
134.0975168,7.62966283
133.9313024,7.52683048
134.0551167,7.54582837
133.8718403,7.6449652
134.167539,7.6687391
133.8967452,7.74764573
134.2110798,7.68926273
134.0216121,7.54802021
134.1651702,7.73246242
133.7813963,7.70517373
134.1260451,7.51935885
133.8265303,7.71495784
134.2113598,7.60264527
133.7757802,7.66599877
133.9329371,7.72488851
134.0636318,7.76009159
134.2104413,7.46522635
134.1991051,7.6554438
133.8773578,7.76601944
133.7390717,7.72650683
133.6769316,7.75747655
133.9663595,7.62013186
133.7049856,7.58518113
134.1415164,7.75954985
133.895033,7.635432
133.957734,7.56087942
133.939312,7.79794756
133.7820632,7.77449664
133.6310796,7.62579049
133.7749039,7.47386473
134.0208304,7.55500214
133.721695,7.78413198
134.0665168,7.55040919
133.7081848,7.4705501
134.112713,7.6455233
134.1857042,7.7683919
133.9507896,7.4876392
133.8209153,7.57486864
133.8354174,7.49353399
134.1133897,7.69206011
133.8518539,7.55081134
133.9049237,7.47679738
134.2163195,7.78649372
133.8955051,7.65821044
134.1624751,7.72021707
133.6681014,7.51794664
133.8485729,7.51256614
134.1583172,7.73772352
133.9134418,7.65617962
133.6128115,7.74229154
133.6826801,7.62560562
133.8924843,7.72239806
133.7181104,7.55892668
133.8824292,7.70463563
133.8116896,7.70378757
133.9237972,7.59134083
134.1581016,7.56408375
133.7669707,7.62349325
133.6308402,7.49046376
134.0369322,7.64476898
134.0733338,7.6661962
134.1052651,7.79026778
134.080551,7.78363135
134.0604374,7.68300091
133.6247649,7.67329332
134.0003155,7.73779943
133.7927626,7.47224116
133.8812022,7.80122493
133.6018083,7.61156787
134.0663419,7.79671831
134.0824049,7.57460993
133.997223,7.61809485
133.6742874,7.48205376
134.1866884,7.72217611
133.9855431,7.5003033
133.9522536,7.71817817
133.8237809,7.66276195
134.0895226,7.7618704
134.0008579,7.63213021
133.6912943,7.49499619
133.6464673,7.6903424
133.9588917,7.7999735
134.1530699,7.60721055
133.7393187,7.47494634
134.1255615,7.78789922
134.1613629,7.49963148
133.9726456,7.58375607
133.6457799,7.54736814
134.2354891,7.79143582
133.9686712,7.55964603
133.8035081,7.79792194
134.1264595,7.77785992
133.6341141,7.60215894
134.0165944,7.70241176
134.0857981,7.62831637
133.8021573,7.58650647
133.764211,7.72001417
134.0337194,7.6276649
134.0766012,7.49033623
133.7141544,7.47126802
134.0209075,7.58701721
133.9465226,7.57985639
133.7838091,7.76056527
133.6196632,7.51042247
133.6034385,7.47172457
134.1121744,7.52074163
134.2192114,7.68975375
134.0698149,7.54692121
133.9069589,7.61667472
133.7273245,7.62807885
133.8802432,7.55887896
134.1406742,7.50892889
134.1955385,7.53909848
134.0912602,7.53746548
134.1839712,7.75307746
134.1072258,7.78366793
134.2388716,7.77746198
133.6902216,7.51841763
133.9469757,7.49854834
133.9238714,7.65352028
133.6341761,7.75437383
134.064991,7.5131977
133.9752628,7.6206233
133.7153642,7.58719481
133.6820378,7.70862235
133.6275826,7.70819517
133.6687831,7.77682421
133.7264066,7.55482228
133.690022,7.74065431
133.7659827,7.73558604
133.8490977,7.47434607
134.1384262,7.47387786
133.8577883,7.66277554
133.7035276,7.66643889
134.1609706,7.69330537
134.1544281,7.77633062
133.6717643,7.71042108
133.8886298,7.55590824
133.9582214,7.7277441
134.0851656,7.78994446
134.1902421,7.74506074
133.8800996,7.51499268
133.7876372,7.66075992
133.9317135,7.50972457
134.1623524,7.57292117
133.7069452,7.57696216
133.8140973,7.74822678
133.830642,7.47418258
133.7584722,7.54781336
133.8723713,7.48934967
133.9894851,7.54511259
133.7706922,7.629323
134.0499889,7.74849171
134.1791743,7.54766478
133.7416059,7.5300926
133.6078023,7.76489649
133.6364001,7.64226278
133.8820774,7.66857192
133.6008543,7.75808681
133.6631299,7.63358355
133.8589332,7.64169869
134.0878084,7.5242472
133.811807,7.48031354
134.068601,7.8070519
133.9990298,7.79778491
134.0494499,7.56755725
133.6738371,7.53397558
133.676038,7.48973167
134.2095042,7.54885144
134.1165548,7.72860823
134.0128952,7.56985153
133.8349058,7.68329955
133.7661104,7.71233668
134.0251289,7.49743304
133.6142661,7.53103568
133.6292318,7.61556852
134.2238353,7.67198165
133.7006832,7.7924008
133.6680338,7.6360688
133.8352651,7.57754148
133.7654544,7.63988452
134.1940058,7.51216825
134.0869622,7.59363176
133.9061778,7.5829549
134.2147082,7.73378541
134.1017433,7.56541633
133.7568332,7.6021511
133.690326,7.56615056
133.760391,7.46873595
134.2034583,7.77110308
133.8513718,7.76236259
134.1331985,7.7391841
134.174607,7.71582522
134.2161999,7.73314025
133.7864491,7.49046347
133.8705887,7.56206384
133.6932682,7.51210144
133.6053296,7.62452927
133.845622,7.62242157
133.8123387,7.57048725
133.687059,7.66112324
134.074869,7.80690792
133.9007516,7.58288967
133.7009104,7.5231989
134.0352887,7.60321154
133.9173837,7.46805738
133.9326238,7.79284771
133.7509287,7.65343418
133.8069812,7.51622751
133.8952795,7.55648708
133.6578258,7.50370693
133.6028607,7.66892433
134.2355635,7.65852473
134.2078674,7.7655526
133.6439466,7.58269782
134.0194262,7.66111339
133.9751766,7.51976194
134.230005,7.62987531
134.0947981,7.70196423
133.8719375,7.63428903
133.9865714,7.7494625
133.9223897,7.61044135
133.7770051,7.50933331
134.0550295,7.56187672
134.1343098,7.65706688
133.8666042,7.67930146
133.7209986,7.57219725
134.0344484,7.60737919
134.0946543,7.62897164
133.9495762,7.4975116
134.127495,7.77119385
133.7481731,7.73553926
133.9478431,7.73765674
133.9274215,7.54944436
133.8943077,7.7907489
134.1019619,7.70572879
133.9673233,7.58722664
134.1395509,7.67724271
133.6406189,7.68178897
134.0587576,7.70338963
134.1547387,7.69608738
133.834302,7.576441
133.8763504,7.64627176
133.8225706,7.48407531
134.0053452,7.60146263
134.1332069,7.46802415
134.0215934,7.59693374
133.8402626,7.56185562
133.6957562,7.6172728
134.1245442,7.76218931
133.7165808,7.59276923
133.9080803,7.76203481
133.714521,7.69546119
133.9974741,7.54116399
133.9285943,7.72896427
134.1666564,7.53489262
133.8862228,7.6597062
133.7774417,7.65847434
134.0689758,7.58246164
133.9057258,7.63309201
134.1305314,7.69504818
133.9715242,7.66400163
134.1789257,7.58255092
133.8297985,7.67655256
133.6984267,7.64183307
134.0400948,7.47519366
134.0027726,7.54264454
133.9843599,7.73158507
133.8146555,7.78867036
133.7938692,7.75220464
133.6849692,7.67518292
134.0152753,7.77629509
133.9034319,7.7406092
133.7556168,7.69350434
134.1575666,7.5578312
133.7589645,7.62341143
134.0434903,7.50552362
133.9197403,7.54789531
133.9984371,7.46987742
134.1257088,7.68278658
133.8656966,7.80963456
134.0250882,7.7099944
134.0077506,7.718477
134.1194572,7.54390516
133.7528156,7.55277611
133.6561837,7.75088328
133.7302825,7.59108164
133.8708972,7.55262971
133.6552644,7.47412006
134.08361,7.48037371
133.6768232,7.70893504
134.0605189,7.64756096
134.07298,7.67607757
133.6727345,7.59810659
133.8758182,7.53663346
134.1388739,7.55676183
133.9562076,7.51958842
133.9544006,7.7832264
133.6122712,7.80803995
133.6328077,7.52385458
134.0322029,7.69962327
134.1226477,7.637741
134.0440083,7.79981778
133.8015108,7.67712761
133.7045579,7.56849466
134.1663801,7.54280766
133.8285079,7.54088816
134.0015645,7.73235359
133.8615863,7.77231868
133.8878646,7.57310198
133.6936096,7.48991128
133.7193424,7.77586319
133.6002961,7.51410174
134.0153922,7.58677186
134.2380084,7.73624055
133.9915175,7.67553194
133.7885234,7.7724686
133.8036693,7.58997849
133.7853583,7.69948911
134.0780881,7.51947447
133.7768676,7.72334582
134.104404,7.69059036
134.0940054,7.47628765
134.0461169,7.47324086
133.6731797,7.62472652
133.6378691,7.62955948
134.090858,7.70718211
133.9088368,7.6482217
133.7195764,7.75129575
133.7345749,7.53794324
134.1832279,7.80628612
133.6089902,7.74983183
133.9520669,7.69330042
134.2155191,7.53249835
134.0639283,7.50007486
134.1883442,7.46941682
133.6420382,7.76887319
133.8268218,7.46689694
133.6717566,7.6400773
133.7083163,7.8065796
133.7766388,7.60517584
133.8007743,7.54168696
133.9162158,7.70245117
133.8748248,7.79974437
134.0833969,7.76545582
133.7834347,7.80760293
133.7426888,7.56590442
133.7824013,7.54248597
133.8999957,7.68934559
134.1259922,7.62559734
133.8408858,7.4897337
133.8219738,7.63672256
134.1229238,7.61559326
133.9831255,7.71877654
134.0332196,7.46767858
133.8737056,7.62475849
133.9384617,7.57770262
134.1986123,7.47631077
133.8177931,7.67241739
133.6291028,7.53629204
133.8786629,7.79065756
134.2027389,7.80796372
133.9980178,7.76501669
133.7054976,7.77438303
134.1161429,7.46916492
133.9020068,7.6310787
134.0688974,7.52393719
133.9296896,7.55093098
134.1545568,7.75278852
133.738634,7.59315316
133.8321281,7.48297745
134.1075212,7.72852913
134.1700078,7.75646367
133.9997791,7.67246396
134.1101335,7.77743783
133.7083881,7.48147607
134.1552679,7.56395471
133.6624971,7.55421293
133.9245171,7.79914263
134.119234,7.56410956
133.8940181,7.48096895
133.9128501,7.53946777
133.6655799,7.69984134
134.0860236,7.73883535
133.7177009,7.76137904
133.8961115,7.6857669
134.09951,7.50743861
134.1334038,7.66861615
134.2082891,7.472622
133.7740514,7.70260731
134.140301,7.60268613
134.0258262,7.47487314
133.819234,7.4660895
133.720128,7.70400582
134.1103985,7.7907516
133.6961311,7.59978728
134.0654818,7.74698126
134.1148165,7.6222274
134.0325438,7.53346113
133.9541707,7.64020045
133.8198612,7.74796604
134.1524264,7.60018781
133.9324314,7.72044901
134.0527377,7.51846479
134.2200396,7.56224627
133.8915186,7.60244892
133.646624,7.51642022
133.9800523,7.68917981
134.0482101,7.76239058
133.7805965,7.51982492
133.9247907,7.63515392
133.7078321,7.60666163
133.7080018,7.60598562
133.8354733,7.52854344
134.1774839,7.71036782
133.7850952,7.80284664
133.6891131,7.7234111
133.8402,7.61181586
134.0824664,7.67411339
133.8916599,7.53509062
134.0240837,7.54529049
134.1398545,7.61405317
133.7427086,7.51177154
133.9815454,7.68576383
133.7150034,7.71098702
133.8760882,7.65192112
133.8311369,7.50440115
133.6878255,7.78849819
133.9166706,7.72625985
134.0485082,7.74790284
133.9693934,7.60704706
133.6753314,7.72256439
133.9271517,7.65265524
133.9081129,7.67328062
133.8287961,7.73416402
133.9632156,7.5118121
134.1591785,7.54252788
133.8898242,7.7846744
133.9630256,7.78958414
134.2054012,7.66844916
133.9006449,7.71759011
133.7352036,7.74647872
133.9060514,7.73508573
134.1753868,7.77296619
133.9838238,7.74528426
133.7921984,7.52480943
133.8784187,7.74108582
133.8735718,7.73156936
133.9369544,7.55515561
133.8094341,7.70829343
133.839193,7.47369778
133.8410497,7.62158086
133.69116,7.51021443
133.9453025,7.69370203
134.1486994,7.63752383
133.7780155,7.75774055
133.8258691,7.56340914
133.8033175,7.78119925
134.0437781,7.54406375
133.7660848,7.65701448
133.6866509,7.47234033
134.1654241,7.69185693
133.871581,7.65797315
134.041004,7.54816389
134.048597,7.48979031
133.8067336,7.50394205
134.2014282,7.7108834
134.1165391,7.64966782
134.1478295,7.61738757
134.0045875,7.73791165
134.0999727,7.67644032
133.9113536,7.59271682
133.7608731,7.5726929
133.985433,7.56239002
133.9833144,7.5299974
134.0195216,7.55863857
133.7962521,7.6946235
133.7755316,7.49694362
134.1132237,7.65747138
133.9917412,7.6815358
134.1483661,7.71550195
133.9642639,7.46892897
133.8768487,7.78494445
134.1896277,7.68245437
133.7899282,7.66756934
133.8111024,7.53134666
133.9718032,7.50083054
134.2143166,7.61478339
133.8671388,7.49074952
134.1304254,7.48483454
133.8263514,7.59085226
133.6149114,7.58229697
134.09974,7.53139945
134.0233,7.60195259
133.9075925,7.53617201
134.0621383,7.59448401
134.1700553,7.51988887
133.7121367,7.62806237
134.0350654,7.51827147
134.036341,7.4723051
134.0967641,7.714852
134.1540611,7.73455717
134.1495254,7.57695489
134.1064396,7.58352073
134.2144635,7.53263389
133.6667445,7.62137137
134.0309815,7.57115424
133.9457471,7.67819529
134.1359439,7.79960743
133.639195,7.68169811
134.2085985,7.47360298
134.1750497,7.53335049
133.9655195,7.78320808
133.6953013,7.73974012
133.7412915,7.48355994
133.7177822,7.72820321
134.1736317,7.76076023
133.7306192,7.69072521
133.9869304,7.63925462
133.7046493,7.80977303
133.6362857,7.69389308
134.1792172,7.65718186
133.961767,7.60947927
134.0184049,7.76729998
133.7444706,7.62054402
133.6497248,7.52513037
133.984416,7.53447213
134.2021253,7.78613909
133.6401613,7.67916798
133.6853978,7.63696115
134.1481201,7.47568119
133.9500343,7.63707313
133.718234,7.5347562
133.7186192,7.68913434
134.1450703,7.64003889
134.1991664,7.63231704
134.0302802,7.72892776
134.036723,7.51662808
134.1666702,7.71862776
134.1789277,7.59135452
133.8697506,7.67342685
133.6531427,7.47087777
133.7621377,7.58315281
133.6924911,7.47399147
133.6934453,7.59957938
133.9382795,7.49028109
133.7145594,7.74330532
134.1543786,7.57971191
133.6027913,7.69957647
133.6738774,7.66127647
133.5974407,7.58590181
133.7769607,7.77020404
133.6004905,7.64949207
133.8075321,7.76837111
134.2100288,7.80885118
133.7033152,7.55400807
134.224902,7.52426274
134.2047751,7.55979034
133.7921703,7.6997848
133.6495737,7.73318588
133.7459211,7.70567696
133.7345332,7.54276087
134.1329286,7.68030125
134.1411478,7.70616075
134.2160601,7.72621714
133.723099,7.73300067
134.1731415,7.48642882
133.9667052,7.80210552
133.7227365,7.77314187
134.0671567,7.71891484
133.6164142,7.52484612
133.8956937,7.80409358
133.9425767,7.49850257
133.7223301,7.4718958
134.012681,7.48647012
133.7489357,7.73127247
133.7188912,7.62787586
133.877665,7.71546723
133.8968446,7.49303182
133.8487701,7.46643682
133.7909084,7.77009444
134.2365404,7.4886093
133.76073,7.49692282
133.8435235,7.79881898
134.1035736,7.60560021
133.814283,7.62747544
133.8891823,7.5254698
133.9949141,7.79718976
134.0649783,7.6449558
133.7588247,7.71115661
134.1337517,7.79754959
133.8958418,7.57635609
134.0971694,7.69395431
133.8483533,7.64140903
133.9366764,7.49653058
134.2295342,7.69117788
133.7272894,7.70638983
133.7734821,7.5738701
133.6437766,7.59797554
133.6284524,7.8095826
133.6557163,7.8062503
133.6421923,7.56127942
134.0565767,7.52676374
133.8029799,7.69263823
134.2110067,7.79596837
134.0747172,7.55219603
133.9500421,7.73389988
133.6996227,7.61075104
133.6692857,7.6354134
133.9403141,7.55329451
133.9528156,7.51585912
134.165281,7.53728696
134.2361253,7.53442428
134.1247809,7.56999763
133.8507243,7.65482142
133.6361378,7.59392966
133.6595038,7.51381953
133.7695484,7.46694477
133.6220933,7.72352228
134.0501807,7.6456973
134.017185,7.49580384
133.8797183,7.65281172
133.9313104,7.73529112
134.074511,7.64265855
133.9083849,7.50140771
133.7200308,7.74074521
133.8383626,7.7612834
133.8852281,7.61688012
133.7886997,7.73400527
133.7418241,7.55543202
133.6452308,7.80697426
134.0007197,7.59428633
133.6807027,7.74643125
133.9451339,7.80484679
134.2307611,7.50533005
133.625959,7.7377417
133.8526748,7.57659293
134.1319152,7.78838323
134.1225854,7.54689166
134.0589443,7.74026229
134.0029629,7.8008547
134.2106074,7.75266996
133.7690044,7.50909214
133.9046466,7.71195781
133.7529126,7.79986881
134.0661015,7.5115322
134.1360598,7.59735537
134.0531062,7.67607885
134.0235448,7.61034671
133.7452196,7.56514762
134.0231969,7.49455208
133.9563289,7.70318699
134.2256436,7.62050994
133.9891368,7.68007537
134.0264861,7.77086782
133.6790254,7.67977365
134.1857043,7.76016806
133.8307471,7.77858539
134.230257,7.52082665
133.8507017,7.68098937
133.7271801,7.52470028
133.6190307,7.65982934
134.1310229,7.53066018
133.6760481,7.53517569
133.7377687,7.50953623
133.8738659,7.7884493
133.7494542,7.74914364
134.1242525,7.59673827
133.9483902,7.74109104
134.0578681,7.7440539
134.0406028,7.56329259
134.0194991,7.61714053
134.0215005,7.72044815
133.8349255,7.5548757
133.9934138,7.76396205
133.7874729,7.47286602
133.7225674,7.64332821
133.9084898,7.61721226
133.8887083,7.62277946
134.0801156,7.7398081
134.0411862,7.73099394
133.7375694,7.72266691
134.1568729,7.74155564
133.9577599,7.64913717
134.2347083,7.69826353
134.113438,7.56029831
133.8352168,7.5173532
133.9699002,7.66250036
133.9384612,7.47442577
133.7192811,7.80554799
134.1215785,7.80943809
134.2148806,7.59617908
134.1713904,7.62204665
133.6610755,7.74105789
133.6814434,7.67401342
134.0571087,7.70535547
134.0762404,7.58041809
134.0377227,7.60623785
134.1015069,7.72697524
133.8127395,7.80220803
134.2168384,7.6974473
133.6883856,7.47310435
134.1911937,7.62889528
133.9559366,7.49565024
133.7797946,7.59783636
134.1555212,7.72696784
134.1282702,7.70984361
133.814457,7.79329026
133.7802645,7.66598674
133.7039258,7.70423753
134.074063,7.60003634
133.9064842,7.52983743
134.0092204,7.51353162
134.2341262,7.72204552
133.7016602,7.515232
134.2183185,7.80175613
133.7862106,7.51986629
134.1345783,7.60333796
133.6072508,7.67447215
134.2314685,7.63036907
134.1780204,7.5748414
134.0066849,7.76236489
134.1026951,7.65291079
134.2184922,7.68425144
134.0875168,7.66483095
133.7701441,7.80602455
133.9329536,7.49183009
133.622912,7.79568815
134.1784276,7.4949198
133.6005397,7.50941207
134.0772366,7.80532305
134.0299112,7.52947688
133.9063921,7.54547856
133.6078336,7.64603838
133.9670563,7.64496628
133.733048,7.72441902
133.9540741,7.54370303
133.6002539,7.63532282
134.2274269,7.74590163
133.6197429,7.66999168
133.641904,7.63289131
134.1928848,7.73144237
133.7561553,7.80341197
133.6279715,7.73757153
133.7643874,7.66608988
133.8479087,7.4678241
133.9169477,7.52524544
133.9428709,7.60971654
134.0650312,7.63422265
134.1553165,7.5649428
134.2059371,7.56827202
133.757255,7.78255465
133.8398257,7.74520327
133.8015694,7.76394783
134.0214178,7.46724604
133.9270455,7.71275612
133.9498916,7.4910443
133.9101603,7.69740236
133.6672547,7.80051166
133.7342047,7.71023761
133.915354,7.55412389
133.661646,7.73340387
134.193796,7.64188036
133.6554079,7.58975425
133.7374371,7.59119431
134.231736,7.54416128
133.6855874,7.72355138
134.09625,7.78857324
134.0060271,7.53326142
133.6292205,7.46566077
134.1933351,7.73985889
133.7780146,7.5971517
133.9178085,7.80213544
133.7981374,7.67600393
133.6786067,7.65381324
133.8099095,7.61048997
133.6110255,7.4883209
133.9814598,7.73430784
133.9403643,7.66164524
133.7810045,7.60992498
134.1766301,7.67600617
134.2063541,7.76881592
133.8603038,7.59832933
134.1504754,7.68158951
133.7662345,7.77686999
133.7002357,7.79750286
134.1071248,7.75520729
133.7147864,7.4860875
133.8094802,7.76463772
134.0915424,7.61083979
133.6107375,7.5548133
133.9005892,7.57462596
133.9411672,7.70330565
133.9173042,7.55620562
134.0236323,7.51527366
133.9755675,7.5079424
133.9860154,7.55667045
134.074015,7.50298838
133.6071886,7.7244388
133.8033298,7.5665964
134.2284708,7.66732483
133.8057038,7.52307761
133.7671754,7.53836958
133.9884677,7.50400905
133.7764298,7.74974115
133.9781928,7.6374215
133.6295313,7.65531035
133.7856534,7.53252181
134.0412953,7.51701276
133.6237929,7.65328153
134.2188405,7.80447581
134.124395,7.52699889
133.9951984,7.67348516
134.2380264,7.51783315
133.6875775,7.55218654
133.8522849,7.65241966
134.0437771,7.5119453
134.059933,7.71520153
134.199766,7.54328623
134.0254166,7.80832863
133.6475706,7.61429821
134.224255,7.61720142
133.7295563,7.74828689
134.2358857,7.79880894
133.9877549,7.49544815
134.0225421,7.78491138
133.8492141,7.61257988
133.6666875,7.52739077
134.2305547,7.61199253
133.7510413,7.58439696
133.7540819,7.73508839
133.6354227,7.55556325
133.6384072,7.55806348
133.6489283,7.47023008
134.1092153,7.53473877
133.6269022,7.59134
134.1315868,7.60053178
133.7993187,7.76625351
133.6727196,7.51442558
134.0142989,7.67832645
133.6992207,7.65078004
133.8128434,7.52641956
133.9268,7.47355835
133.8922271,7.77602203
134.0051226,7.49541841
133.751589,7.70611
133.6318436,7.68919191
134.1766831,7.46517038
133.6734768,7.60014505
134.1549004,7.49058907
134.2016598,7.54195262
134.2263188,7.68338165
133.8280344,7.52790343
134.2287338,7.51024236
133.6423344,7.51873312
133.8668556,7.51095345
133.8132733,7.50724728
134.1957825,7.5267728
133.8870402,7.80832369
133.7752659,7.77412353
134.2031605,7.71611737
134.1574563,7.77473105
134.1533903,7.54990689
133.6482989,7.59922235
133.8249088,7.76088861
133.8215114,7.80701147
133.7083849,7.46593413
133.7023716,7.76772277
133.8092374,7.80498963
133.7774371,7.48899797
133.9954571,7.71573349
133.9418857,7.49298244
133.7218311,7.66306749
133.964413,7.7300027
133.8370015,7.62315964
133.9583951,7.80944779
134.2274393,7.57484362
133.9841234,7.7266588
134.0355804,7.62269811
134.0657325,7.61307639
133.6183598,7.66491483
133.9817377,7.63799609
134.1960895,7.64029002
133.9111082,7.69140022
133.6429375,7.47773135
134.0520232,7.74719817
133.74529,7.80882304
133.8662886,7.64540286
133.9564689,7.49467629
133.9124342,7.63855307
134.2102871,7.72246476
133.813899,7.66907314
133.7881606,7.78407444
134.0359173,7.62891912
133.8784792,7.69144565
134.0307228,7.79721558
134.15622,7.76943148
133.7974289,7.72871519
133.801084,7.46645416
134.2107122,7.67175195
134.1421656,7.68391048
133.8299035,7.53013392
133.7004668,7.53643276
134.0038918,7.6027029
133.6670782,7.79939008
133.9992443,7.668859
134.0548746,7.75611858
133.6771638,7.61130579
133.9411132,7.54375428
133.656476,7.78981809
133.9997487,7.65569906
133.9885514,7.80044037
133.895051,7.47544529
134.0111239,7.49894281
133.7275561,7.60825978
134.1512536,7.73867129
133.9821423,7.65561451
133.8651005,7.58717184
133.9076659,7.5837227
134.1333963,7.53853132
133.798934,7.51847231
134.0097546,7.75450036
133.8875647,7.47666335
134.1875664,7.72104591
133.9076595,7.50522548
133.6651267,7.73541519
133.6921497,7.70090076
133.6131629,7.55758504
133.9683373,7.58305558
133.923134,7.69903132
133.7967259,7.75556513
134.001753,7.49075628
133.8714464,7.53204845
133.8934386,7.77980874
133.6130698,7.69403069
134.0677092,7.52086527
133.9775939,7.74796154
133.6788215,7.60342879
133.8873544,7.53083206
133.8308554,7.57666926
133.6240445,7.67910508
133.9224806,7.57512061
134.0037304,7.48347349
133.6808945,7.66404189
133.7893201,7.49916635
133.9583369,7.54556598
133.6097432,7.6099359
133.7473017,7.64606901
133.8049191,7.64955648
133.6055928,7.56449779
134.1334474,7.75452382
134.0454961,7.5523666
133.9161358,7.76447571
133.9110347,7.61196532
133.5987212,7.77259553
133.7165531,7.78429784
133.7643569,7.60544672
133.6004043,7.76477609
134.1319868,7.51874731
133.9132844,7.77334883
134.1249316,7.73280508
133.8914136,7.62051051
133.8810873,7.77414484
134.1486739,7.76898762
133.7596182,7.50744566
134.0594424,7.68596718
134.2330613,7.67046647
133.9200882,7.65402759
134.1914889,7.69113049
133.6772692,7.50376858
134.1879727,7.80664485
133.9223164,7.466724
134.059135,7.69718981
133.7386846,7.71368184
134.0986955,7.76586539
134.2058461,7.74031467
133.9014775,7.61744728
134.1443649,7.68574248
134.0334636,7.55071979
134.1612876,7.75889655
134.0961306,7.70587672
134.084182,7.71023843
133.7896172,7.58480261
133.9737469,7.56818247
133.8306541,7.7224786
134.1461538,7.78535697
134.0355593,7.63158585
134.1755592,7.54651351
134.0937362,7.53574486
134.0934247,7.58221937
134.0206255,7.75025843
134.1768693,7.58293824
133.6761252,7.59345693
133.9273881,7.55613468
133.9377177,7.55735784
134.1563427,7.50888542
133.6255482,7.63094567
133.8431837,7.76119047
133.9552638,7.73457808
133.9974802,7.71887748
133.7663451,7.48888252
134.1412225,7.80707051
134.0835051,7.50131137
133.6978681,7.78584524
133.9799197,7.67863843
133.6999438,7.80656468
133.6902961,7.65324074
133.8111285,7.76943803
134.1978537,7.51115736
133.8676987,7.64182985
134.1521828,7.70327855
134.2084514,7.70063726
134.1898501,7.75510355
133.7840804,7.78749074
133.7666387,7.55998755
133.6843893,7.77522674
133.8766066,7.73396536
133.8691,7.46968509
134.1967784,7.62240413
133.6179868,7.71913018
134.0381398,7.57394662
133.6176756,7.80598496
134.1686491,7.71062287
134.1682658,7.61883627
133.964785,7.6675872
133.7939353,7.61719814
133.6548745,7.77807091
134.1184611,7.50943791
133.9403377,7.51993624
134.0893057,7.66420327
134.2305099,7.55746976
133.7054421,7.68550875
133.7637164,7.80091382
133.8806465,7.49600629
133.8981012,7.50619613
133.8050358,7.52151501
133.7838192,7.55117632
133.8057544,7.47383931
134.0377743,7.73095434
134.1415907,7.63522022
134.1721633,7.5764412
133.7663955,7.62316421
133.9123723,7.77460203
133.8319354,7.56022402
133.9254548,7.73194549
134.0612483,7.71570484
134.2289727,7.46622055
133.8664811,7.64777069
133.9368938,7.79130377
134.1889278,7.72169863
133.7085292,7.71963333
133.9417735,7.67808098
133.9061708,7.50584783
133.8044345,7.69976182
133.8314713,7.72095194
133.8887762,7.55026498
133.8328116,7.49527502
133.8087008,7.79926854
133.979414,7.68822437
133.8558648,7.72487363
134.1292383,7.60207733
133.6664207,7.46864593
133.5974609,7.57693782
134.0922993,7.52017875
133.9125165,7.79566144
133.6773094,7.75766257
133.8169406,7.59197924
133.7674185,7.49345455
134.2213877,7.48017851
133.6033247,7.59118141
133.7131511,7.66359139
133.7696214,7.65541539
134.2183213,7.64364381
133.9294868,7.75815651
134.2134771,7.68241008
134.0789167,7.4780119
134.2018484,7.55649365
134.0207695,7.75986597
133.8684783,7.59392514
134.15911,7.5180344
134.169964,7.75352792
134.0943163,7.52669543
133.9236437,7.71842771
133.8114755,7.5951494
133.8480087,7.80606619
134.018778,7.73979793
133.7951698,7.72342349
134.066748,7.59035427
133.8066254,7.46755721
134.0605112,7.65046418
133.7416504,7.51388815
134.1454785,7.73693622
134.1439572,7.71899194
133.9020546,7.49789127
134.125947,7.64531078
134.1716156,7.65448215
133.874973,7.71489329
133.7507732,7.67341746
133.8914508,7.72396992
133.8324336,7.67800329
133.6969331,7.71537025
133.7030044,7.64283699
133.9807998,7.57506545
133.6331465,7.49623264
133.9880784,7.7162011
134.117626,7.5997615
133.8249663,7.64620151
133.7087286,7.57713328
133.6296043,7.79317982
133.8253766,7.54810091
134.2367156,7.5360259
133.9734212,7.78511384
133.8588814,7.47919963
133.9797963,7.74701348
134.0972435,7.69250462
133.7971627,7.68905398
134.0323372,7.65061801
133.7537001,7.77385052
133.9086088,7.71323043
133.6076132,7.73003767
134.0556568,7.48534318
134.0260836,7.79466286
133.888356,7.51422484
133.7484147,7.49569178
133.918278,7.80706682
134.1979657,7.52475348
133.8656325,7.69904848
133.5989965,7.71427957
133.7047079,7.75461498
133.8222346,7.5070336
133.7689552,7.63237225
133.8877063,7.52533063
133.9077925,7.55557957
134.155527,7.63935981
134.1580446,7.80395698
134.2170958,7.54120235
133.7228938,7.65294081
133.8357663,7.75397851
133.7909384,7.49579976
134.1060024,7.52394717
133.6048422,7.7945405
134.0452096,7.67642682
133.9803097,7.71930523
133.8550477,7.57017005
133.7587533,7.55802917
133.7165458,7.73956166
133.6445246,7.76204665
133.9486326,7.62262428
133.975969,7.63681726
133.7605188,7.56321054
133.9968492,7.73497908
134.0531674,7.48748658
133.6990155,7.70277012
133.7365605,7.54747752
133.9870949,7.48936561
134.1266116,7.80304805
133.9116713,7.60001142
134.2247058,7.46999169
133.6732635,7.70059573
133.6426854,7.58682103
133.9170368,7.4751065
134.2302725,7.70734083
133.8993252,7.51672714
133.680198,7.71984719
133.7138293,7.7034552
133.5997638,7.57101402
133.7599942,7.50052889
134.010681,7.67305639
133.9539104,7.52996877
133.829043,7.49627525
134.0316059,7.47300861
134.0119258,7.63741474
133.6418374,7.68238348
133.7743293,7.78756892
133.8009767,7.73478887
134.1018067,7.6989234
133.9740728,7.64397676
133.7378052,7.7130739
133.7111225,7.75560135
133.8761947,7.56992357
133.8266022,7.79731176
134.0633794,7.56096156
133.7527482,7.68031675
133.7511146,7.74218281
133.6820764,7.63123674
133.7952343,7.7286376
134.0551051,7.48429986
133.9669325,7.71984549
134.192358,7.68582812
134.2306047,7.54836877
134.0133689,7.70638293
133.6936619,7.68843925
134.0031886,7.79542245
133.7571634,7.72257387
133.7609905,7.66171225
133.7967542,7.50250587
133.9396454,7.77378121
133.9213989,7.78111276
134.0162138,7.77424267
134.1255672,7.51108032
134.1323295,7.74379932
133.7378576,7.56119575
134.072647,7.68023634
134.1370318,7.51916399
134.1506826,7.73706096
133.9437903,7.63600234
134.2211387,7.49882305
134.1087189,7.80147621
134.1561896,7.6753488
133.6863973,7.63466142
134.1986146,7.80932186
133.9805438,7.62002356
134.0205842,7.73684977
133.7837738,7.60507022
134.2369471,7.5586987
134.1902271,7.47112317
133.694055,7.58006431
133.6607695,7.57632233
133.756977,7.47747793
133.6779099,7.80504735
134.062387,7.75826475
133.7359557,7.65541636
134.1573311,7.80468835
133.6259214,7.66004736
133.7883469,7.50671516
133.8723103,7.49605417
134.0494037,7.5826117
134.0969412,7.73931713
133.968802,7.46542536
133.8551533,7.50208889
134.0625174,7.5666292
133.9299856,7.65633263
133.7497359,7.76938057
134.1703361,7.54010826
133.9468861,7.70204662
134.205276,7.76620303
134.1683872,7.79328702
133.9294868,7.49542637
134.1141477,7.80527647
133.8804077,7.60783235
133.78948,7.62809539
133.86703,7.55445652
134.1857539,7.5125334
133.7704144,7.7031626
133.844032,7.75433294
133.7773643,7.70170212
133.6028127,7.66411871
134.0029144,7.72774295
133.8442877,7.60557275
134.032282,7.60474011
133.7212065,7.55567571
133.7479674,7.58403795
133.6827257,7.6315405
133.7583951,7.74202395
134.1914305,7.73915673
133.6463136,7.47210511
133.8089862,7.53020062
134.1786584,7.71997243
133.798494,7.65342804
133.9549029,7.70189445
134.2356565,7.62038699
134.0909828,7.4760666
134.0791165,7.50165557
134.0105855,7.6467051
133.7291812,7.60841785
133.7392505,7.50815562
133.7830892,7.66201658
133.6832337,7.60507472
133.93002,7.65045011
133.8618171,7.5625056
134.0437776,7.47003229
134.1707189,7.66541676
134.2377783,7.65768328
133.6290458,7.61875678
133.9848208,7.62227568
134.1482263,7.74785514
134.0933483,7.60735471
133.7852195,7.63683431
133.739413,7.50274264
134.046401,7.67235533
133.7341485,7.75724419
133.7781025,7.58698801
134.2177428,7.57866083
133.9077611,7.79192311
134.1782827,7.53956246
133.8397744,7.73282118
133.6345844,7.79294052
133.9113102,7.74047675
133.9325024,7.51296704
133.9963784,7.50157537
133.9970157,7.56968245
134.1606933,7.54460247
133.689489,7.68941922
134.1388865,7.63160058
133.7215814,7.75403464
133.9658754,7.79561918
133.6210504,7.69972069
133.885842,7.6382978
133.991057,7.73262731
134.0370328,7.64472504
134.1188016,7.69876691
133.6569243,7.6541035
134.11942,7.79345421
133.8197959,7.80098092
134.0927568,7.54652021
133.6056341,7.66156213
134.1178392,7.6363437
134.0334568,7.69840451
133.8243262,7.60404689
134.0199676,7.69354014
133.6822867,7.65608435
134.2224174,7.68628237
133.748537,7.74222199
133.7857694,7.76192954
133.6666465,7.77186014
133.8208085,7.56196554
133.6300615,7.65350365
134.0860987,7.73806296
133.6368901,7.66707914
133.8403111,7.57335597
133.6042945,7.4831628
134.1111048,7.56700781
134.009466,7.67343969
133.9697043,7.74661768
133.6522653,7.60890796
133.6858194,7.53565395
133.7212128,7.74160789
133.6831134,7.70319272
133.8737113,7.50523093
133.9893881,7.60712304
134.217594,7.50751029
133.9393581,7.49920072
133.6289971,7.71358116
134.0637725,7.50197235
134.2350068,7.68389861
134.1493828,7.47215372
134.2300084,7.61686834
134.0165058,7.71292771
133.7377902,7.48710449
133.8271705,7.61128902
133.6860945,7.69733332
133.7852057,7.63762959
133.6103007,7.78218699
133.9664315,7.71943859
133.6597526,7.64304885
133.6572813,7.7105748
134.1492948,7.57471789
134.0777573,7.5175016
134.2350076,7.60804417
133.6460978,7.68398034
133.7612297,7.76205711
133.9792878,7.65694591
134.2358475,7.68490781
133.8864709,7.71746765
134.019191,7.50914468
134.1667892,7.49401483
134.1217652,7.58076193
133.6273658,7.65380131
134.079815,7.72541408
134.1624152,7.70350685
134.068011,7.67333406
133.8595312,7.80015709
134.2007135,7.69313958
133.9148185,7.62740675
134.0726591,7.66117034
134.2073123,7.65826021
133.8014384,7.74731976
133.8377978,7.80919874
133.6049068,7.54708071
133.6347515,7.65924305
133.7166951,7.74575665
133.9887514,7.74280763
133.9442789,7.55094419
133.8490025,7.70241677
134.0593367,7.54390771
133.6550316,7.68439504
133.936244,7.66226095
134.0440986,7.52771249
133.7702535,7.50513962
133.8240256,7.49940488
133.8129869,7.48090882
133.8693942,7.49938178
133.7432293,7.8044838
133.7608665,7.68572889
133.6885047,7.5843775
133.9347505,7.74636266
133.8852926,7.60102918
133.8669044,7.67909896
133.8956236,7.58916549
133.9300143,7.60013427
134.0076537,7.46758691
133.6291527,7.60596462
133.7492461,7.79713908
133.9983625,7.75915541
134.2335291,7.53471425
134.0427457,7.67117835
133.8429768,7.68110401
134.0132416,7.60934152
134.0992987,7.80941299
134.2052275,7.61882091
133.7799213,7.68867269
133.6736962,7.55261755
133.7470093,7.47000666
133.8696172,7.5089655
133.9333978,7.48320841
134.0583073,7.63425897
134.1309707,7.54341218
133.8026758,7.59670493
134.0451949,7.69563362
134.0366356,7.68680057
133.6060193,7.79176737
134.1777687,7.48325928
134.2138027,7.53892408
133.673292,7.63572917
133.9668224,7.64308165
133.7898452,7.47219347
134.0891998,7.65925712
133.9202495,7.68548874
133.8411526,7.76501194
134.2076353,7.56807321
133.9212658,7.76567855
133.6326148,7.7726411
133.6476598,7.67609968
133.606492,7.49604388
134.1549297,7.65693519
133.6995765,7.51073162
133.7374464,7.48151917
133.7894157,7.49521264
134.0881977,7.53312854
133.6028451,7.61090803
133.6325769,7.76861418
134.0840432,7.60914028
133.7021135,7.54781367
133.9186256,7.50576932
133.6017764,7.55312048
133.9842779,7.56660523
133.9837771,7.51686606
133.8742679,7.59628455
134.1607431,7.64196896
133.8916552,7.57476042
133.9068117,7.7323707
133.9698582,7.69679453
134.2062224,7.53957434
133.9732295,7.46886252
133.6991068,7.50794354
133.6074948,7.79777657
133.829903,7.6295767
133.6157008,7.54886529
133.6972566,7.60220094
134.1702465,7.51120193
133.6838381,7.55580048
133.6024486,7.6338725
133.8901267,7.65807987
133.8943576,7.62517657
134.0139713,7.51979958
133.9346104,7.7339701
134.0980031,7.67726103
133.959504,7.5460552
134.1259448,7.71391043
133.6514712,7.68285509
133.8713956,7.74421507
133.6599337,7.71709645
133.7705644,7.64969841
133.7760097,7.76568531
134.2202658,7.5188053
133.6910369,7.64884847
133.9758213,7.6796533
134.0827257,7.62212814
134.2056049,7.58199135
133.9791714,7.65156435
133.7393733,7.47398467
134.1916889,7.49772228
134.0426528,7.71298936
134.0980305,7.57258069
133.7678875,7.80588197
134.0190719,7.58429482
133.6377679,7.67172109
134.0000962,7.74860203
134.0841233,7.72939582
134.0209586,7.51124159
133.8418119,7.50748083
133.6721898,7.48044627
133.9100392,7.60660038
134.0290823,7.58462917
134.1481785,7.55621241
133.7191429,7.6229932
133.7998607,7.59267917
133.9915261,7.54712325
134.0574289,7.5203547
134.0511211,7.71996232
134.1721613,7.53701823
133.7528669,7.5549251
133.6108256,7.72131123
133.6684363,7.55283991
133.9621104,7.76849932
134.0471568,7.71060478
134.2088313,7.51577875
133.9138745,7.61208948
134.1392946,7.66253441
134.132876,7.75801491
133.729027,7.50158847
133.8319679,7.60273489
133.9383566,7.74019161
133.9320247,7.52309131
133.5987722,7.58132159
133.7356406,7.78623424
133.7456469,7.51336438
133.6582933,7.49582695
133.6540244,7.70687211
134.2046862,7.74773051
133.8985834,7.54769694
133.9170805,7.80756347
134.2180002,7.55607384
133.9940647,7.48661631
133.6613965,7.57620965
133.6962616,7.56989142
133.972528,7.65277248
133.6278982,7.55184128
134.0845397,7.6975646
133.8227889,7.68085563
133.6812688,7.73809639
133.8907794,7.69519304
134.0612208,7.59951359
134.1123859,7.68677862
134.217361,7.69477945
133.980954,7.54116345
134.0815149,7.51750644
134.1129537,7.5691348
133.8006324,7.74763159
134.0437205,7.63564881
133.6265659,7.55769009
134.1034584,7.76034928
133.6604957,7.78081379
134.1723952,7.68672424
133.9774233,7.56414455
134.0279909,7.69144375
133.8754996,7.66030046
133.7142552,7.6171006
134.0937818,7.50139218
133.8450976,7.62688819
134.1727183,7.50393181
134.1379294,7.54207386
133.6966669,7.60920573
133.9026452,7.48651788
133.739527,7.75490898
133.8753621,7.57472173
133.6424428,7.78898048
133.6926313,7.68432662
133.9506869,7.53283719
133.970647,7.54505968
133.62334,7.71400453
133.7362455,7.60938443
134.1995779,7.64079541
134.0551054,7.72663319
133.8610751,7.66530271
134.226319,7.55842471
133.7170086,7.59207004
133.6608718,7.57273061
133.8103428,7.55181211
134.026746,7.50851569
133.6553603,7.7649408
133.7985747,7.62826391
133.9939335,7.65234632
133.8160507,7.68827858
133.8873376,7.57552009
133.7816864,7.65345081
133.8643733,7.51969403
133.8784968,7.67793941
134.2132392,7.72922497
133.820554,7.50642956
133.6181196,7.72630885
133.7282783,7.69702411
133.9878083,7.63716208
133.6018649,7.48980241
133.884303,7.55344565
133.6608653,7.66278404
133.8807316,7.70254091
133.9732937,7.65343783
133.6160783,7.76141862
134.1911513,7.65845751
133.7097964,7.74002097
133.9103488,7.48954076
133.7248409,7.50823122
133.6994035,7.6290014
133.9919223,7.51465185
133.769646,7.61657367
133.843141,7.74471266
134.1025486,7.46795741
134.009199,7.71886124
133.9108946,7.66333148
133.8328066,7.79592025
133.977098,7.74974699
134.0622352,7.75119558
133.6062226,7.70143332
133.7076625,7.80676852
133.6994163,7.78741489
134.1495024,7.56493259
133.742234,7.5782875
133.7508077,7.47764432
133.7106908,7.48233208
133.6304151,7.47822767
133.7722529,7.55723586
133.8227577,7.77885075
134.188301,7.80984215
134.1994532,7.58802365
133.7154904,7.54700546
133.7355551,7.55698114
133.6665459,7.55140097
133.7752152,7.69095306
133.7314784,7.71435741
134.1075869,7.51326835
134.0033875,7.60843079
134.057628,7.7550543
133.6463161,7.50878564
134.1139532,7.76598437
134.1430547,7.50669617
133.6988672,7.60841286
133.6151012,7.7370553
133.7870868,7.52003577
133.9014564,7.62744659
133.7945804,7.73170924
134.1433784,7.74665267
134.167937,7.72024339
133.6707605,7.79831509
134.1507312,7.59041334
134.090749,7.61023293
133.704768,7.59825851
133.9944825,7.50912206
134.1237958,7.56159191
133.6687623,7.62715225
133.9402306,7.47160493
134.0164789,7.51371992
133.8828073,7.5232976
133.8120528,7.7176142
134.0633488,7.67428047
133.637743,7.72558185
133.9908162,7.713813
134.225872,7.63466869
133.5982783,7.78388122
133.6488197,7.65182517
134.1852943,7.72969489
133.8611442,7.67656906
133.9704126,7.71676564
134.1971185,7.5817146
133.6727413,7.55934384
133.851773,7.47828168
133.9290205,7.63352245
134.2322397,7.79812702
134.0802138,7.56333934
134.1360277,7.67872516
134.0423359,7.73703077
133.7069074,7.79927938
133.8472116,7.63505646
133.6094502,7.65564333
133.8864579,7.67037009
133.6583778,7.64706507
133.6221148,7.63170944
133.6393065,7.76576369
133.8977513,7.68503038
134.0081855,7.57278856
134.0859234,7.6230549
133.7168918,7.66326776
133.979533,7.49615187
133.7092662,7.49946892
133.6578482,7.51951105
134.1812149,7.50950457
134.0632979,7.75610413
134.0541322,7.50520523
134.2147536,7.51029127
134.1916517,7.72317661
133.6663651,7.7921621
133.7802205,7.62673066
133.9412948,7.7317648
133.9966927,7.77629392
133.6506331,7.72758635
133.9490758,7.48462057
133.6484401,7.58288794
133.7182012,7.65624367
133.8593534,7.47236303
134.0755614,7.67312727
133.6267468,7.53194112
133.7387311,7.50638274
134.0284296,7.63826645
134.1480397,7.53346456
133.7493031,7.70050982
134.1746843,7.51367424
133.8651693,7.79055295
133.7034637,7.64631283
134.1300192,7.48947791
133.8858038,7.4715337
133.8933434,7.55957067
134.1181231,7.64617759
134.1281672,7.58008257
134.2257309,7.59701049
133.8876639,7.80599993
134.2255374,7.72184269
134.1236862,7.61355775
134.0772482,7.54709046
134.1718838,7.53041523
133.8585247,7.49945758
134.1297686,7.66390102
133.9087106,7.58646063
133.6957434,7.46958071
133.8733502,7.4748383
133.7962347,7.65619453
133.6668109,7.55559668
134.1559448,7.77385561
133.9776199,7.51986716
133.8283072,7.62691422
133.8480728,7.54463252
133.9969786,7.74706959
134.0738542,7.78970949
133.7224988,7.69121676
133.7940993,7.55909707
133.6623269,7.67704955
133.9259758,7.63270628
134.1625443,7.60947861
133.7834179,7.7752826
134.1646441,7.53102573
133.9408091,7.76238229
134.0977591,7.47027017
133.954428,7.76431887
133.6242351,7.68580564
133.7920951,7.78901259
133.7368654,7.69047661
133.7364031,7.6009932
133.9148251,7.76447696
133.7001538,7.56426866
133.8355749,7.46957887
133.7748364,7.78819698
134.2053575,7.67567357
133.9522651,7.47774004
133.6995762,7.6965903
133.9127206,7.53971445
134.1933607,7.6217289
133.7903349,7.63885359
134.0290448,7.63751465
134.1456999,7.47073119
133.6650684,7.77054446
133.7699516,7.74278155
134.0926119,7.67202175
134.2135062,7.60881609
133.766397,7.72656116
133.6328724,7.59055806
133.7095516,7.7132196
133.6643742,7.77626289
134.0014347,7.80642504
133.7945381,7.63103531
134.1187599,7.53027139
133.790339,7.77225792
133.9360871,7.51500067
133.6036705,7.7715389
133.6070805,7.59667695
134.0196299,7.62676151
133.7695708,7.69828952
133.932969,7.58388477
134.0737828,7.67762082
133.6174596,7.52561994
134.100404,7.54727274
134.194074,7.76697289
133.8911102,7.58586903
133.9060578,7.501875
133.7307444,7.57687856
133.9670165,7.80094654
134.1346352,7.48461237
133.7936018,7.67476271
133.6214487,7.51446582
133.8608664,7.75162617
134.1218482,7.62748081
134.0771506,7.7159708
133.6406023,7.55012076
134.0859713,7.50826004
133.7819032,7.49634567
133.9839593,7.5019764
134.2351609,7.63813698
134.2046463,7.65411144
134.1301678,7.64361645
133.990865,7.75444341
133.8791572,7.73937694
133.6800998,7.64510259
133.6331306,7.59556702
134.0990616,7.48595682
133.6506818,7.59026669
133.8891192,7.53384667
133.961778,7.48388318
133.8639263,7.73756364
133.9744896,7.56821233
133.6868135,7.79818393
133.927266,7.62764717
133.9581435,7.64181825
133.6892798,7.61704156
134.185804,7.79820098
133.6283036,7.4915519
133.916891,7.57654126
134.0308982,7.72409212
134.0061033,7.67692465
133.7385307,7.75938616
134.0906276,7.6140391
133.7009705,7.73179596
133.845361,7.58957923
133.6343669,7.54511402
134.0453178,7.74553155
134.1418743,7.75860434
134.1929716,7.54871233
133.9543155,7.62270598
134.1100689,7.77964085
134.0651837,7.76930931
133.7366725,7.71546043
133.9346103,7.55654816
133.9019544,7.77311626
134.1304049,7.54289603
133.9620026,7.79115275
133.9349981,7.67920757
133.7658613,7.72892083
134.0023592,7.71918726
133.7025514,7.51056285
133.7881763,7.77587609
133.7371838,7.78560681
133.9724251,7.67510181
134.0707237,7.71549964
134.1548922,7.53891616
133.846472,7.5846854
134.0177811,7.6636238
133.9605107,7.67546959
134.090355,7.52079301
133.6500259,7.5962557
133.8164086,7.73575135
133.8529032,7.69533364
134.1884903,7.74007019
133.7830935,7.48582821
133.6686627,7.65660039
133.9511387,7.46754514
133.6674675,7.50734678
134.2150938,7.75636649
133.6009068,7.67141843
133.6371715,7.53536253
134.1886165,7.77634345
133.6212289,7.71789113
133.7894038,7.80316952
133.9669189,7.65602752
133.8995226,7.50763079
133.9803316,7.67664596
134.0305869,7.68604806
133.8672101,7.68867441
133.8215739,7.79026473
133.9713952,7.49549696
134.1459729,7.52724546
134.0791114,7.76462481
133.74225,7.66206887
134.1135913,7.64812024
134.0294134,7.53553127
133.9379093,7.62831185
133.8085167,7.80175657
133.9628672,7.73668908
133.7653284,7.64407984
134.0136039,7.79936082
134.0498975,7.51330613
133.874475,7.47421662
133.7025872,7.56752578
133.7363067,7.58194566
133.865011,7.61566561
134.1051006,7.78059783
133.6017096,7.56665975
133.8009843,7.63994263
133.6173235,7.58142389
134.0226539,7.66700186
133.9151814,7.77207292
134.0363259,7.6327969
134.033201,7.47724544
133.7012498,7.62696758
133.9760973,7.7004276
133.9919748,7.73505692
133.6897755,7.80990157
133.8109909,7.64899481
133.9075731,7.56556872
133.6692004,7.63952809
134.2217528,7.46622245
134.0227026,7.74175081
134.0100282,7.47953355
133.6261798,7.61224422
133.7435813,7.5175395
133.8873695,7.7579064
133.7630159,7.70474162
133.7819246,7.49170762
133.9386409,7.53019456
134.0930313,7.50479365
133.9845263,7.73547693
133.9021223,7.73729722
134.1402146,7.7556559
134.0076095,7.5937441
133.9542866,7.56437445
133.8845656,7.67418544
133.7797712,7.48961837
134.0945799,7.59846719
134.195282,7.56233152
134.0787762,7.64063781
134.2123451,7.47707359
133.7202913,7.7380456
133.8134431,7.80695848
133.8339386,7.48831313
133.7664941,7.79386852
133.9822596,7.7431156
133.91939,7.70938341
133.7925477,7.4839963
134.0787138,7.62828829
134.1655772,7.75862384
133.9756553,7.5828774
133.6980499,7.65342156
134.0451446,7.69317004
133.710298,7.69788725
133.6024217,7.55162418
133.8958418,7.5424944
133.6634586,7.68821168
134.0700307,7.69685101
133.9830937,7.70486253
134.0658771,7.50580534
133.7291318,7.65863911
133.7635954,7.58206183
133.873837,7.49930663
133.9625761,7.74464144
133.9967586,7.79264853
134.1222684,7.75455031
133.8206691,7.7763366
133.924472,7.64731385
133.9936038,7.6749869
134.0153693,7.5792783
134.0162134,7.68516394
133.5998714,7.68977282
133.7327806,7.79953059
134.1017448,7.50712365
134.2241576,7.51288679
134.0307824,7.50329234
133.7943295,7.60550504
133.8544501,7.56919591
134.1322842,7.73103771
133.7746184,7.70347431
133.9349637,7.58839824
133.8718999,7.77735654
133.9731291,7.79050439
134.1497635,7.51997735
133.7705765,7.68879686
133.7533894,7.76188268
133.6426911,7.74671138
133.7682422,7.59770867
133.7866417,7.74335761
133.7536948,7.66141691
133.8686851,7.79258461
134.0288243,7.49598721
134.2005126,7.6183283
133.6834579,7.51829791
133.7503493,7.63700092
134.0292335,7.72797379
133.6618088,7.4769021
134.0487184,7.50314992
133.7207933,7.60780534
133.6139597,7.5011998
134.0646099,7.62030109
133.9840589,7.75854833
134.0904553,7.67488804
133.9945841,7.61860354
133.9287351,7.73587227
134.1876656,7.62660625
133.6076905,7.51826389
134.1409388,7.70210486
133.7622046,7.53925742
134.1934679,7.53330535
134.194166,7.53945412
134.0307847,7.59144671
134.0928678,7.69601776
133.8265202,7.68588118
133.7809968,7.51621729
133.6713312,7.48087849
133.8742138,7.60018656
133.6680876,7.51208249
133.8579649,7.4935262
134.0972417,7.62668305
133.7670997,7.79320623
133.736973,7.47219978
133.6137442,7.54480161
134.1638396,7.67422569
133.7231498,7.53463367
133.8768257,7.55319016
133.9597054,7.50365501
133.9824421,7.77887563
134.1193009,7.67558372
134.1318998,7.76316577
133.93382,7.76807378
134.097719,7.78117822
133.9318968,7.69967528
134.1338389,7.79815633
133.905935,7.5757761
134.0011749,7.77705539
133.6621005,7.53403477
134.091954,7.70070616
134.0412181,7.67976734
134.0630578,7.77292509
134.2386169,7.6552315
133.7672015,7.50679716
134.0171671,7.66338109
134.1237199,7.55677844
133.8090436,7.72560884
133.61034,7.65479303
133.891064,7.72598771
133.6218031,7.60483721
134.0049364,7.68190842
133.9211628,7.77222312
133.910566,7.5176367
133.6240256,7.48711931
133.8680152,7.58521761
133.5987556,7.6288178
134.0128102,7.7529336
134.1274832,7.54357775
134.2234697,7.7725634
133.9278434,7.70518933
134.144482,7.6616512
134.0496709,7.80640822
134.0804663,7.792445
134.2103444,7.51378735
133.6213335,7.62920172
133.8435273,7.72062786
133.9280125,7.63621501
133.9631256,7.8077561
133.6814411,7.64118872
134.2161434,7.46903128
133.6433557,7.50997266
134.104928,7.47266676
133.7151596,7.4981846
133.6521937,7.5883978
134.1120138,7.61821062
134.0326341,7.67377164
134.024783,7.75588895
134.1430744,7.61720595
133.8851041,7.78702106
133.6765346,7.64707855
133.778973,7.66602378
133.8223642,7.73748918
133.8452487,7.63165811
133.7062294,7.46945458
133.6760052,7.78305821
134.0668164,7.59021273
134.1450033,7.77804787
133.8659247,7.48783976
134.1001057,7.58713084
134.2096338,7.71139641
133.6927699,7.70129228
133.7230038,7.5884436
134.1301039,7.55194506
133.9954158,7.55724667
134.2126448,7.66621673
133.8748953,7.57285774
134.1431847,7.47450053
133.6810286,7.76971267
133.6121634,7.63486414
134.1042272,7.56098863
133.7810775,7.78020738
134.0572021,7.5378127
133.8780061,7.65809918
133.5992293,7.73655171
133.8544245,7.55026595
133.9242455,7.64791625
133.9184823,7.54131825
133.9122145,7.64716193
134.1440353,7.75363161
134.0582816,7.48915266
133.9544506,7.78919187
133.9161505,7.76755023
134.0763298,7.68231899
133.8093879,7.78467857
134.0056538,7.79289695
133.7821782,7.49334472
133.8186093,7.79608457
134.0176948,7.53876857
134.0774462,7.63518621
134.1254702,7.52697541
133.6153194,7.69948997
133.8393455,7.54342011
133.8697156,7.78813244
134.2125144,7.74538516
133.8718078,7.46709288
134.1982768,7.72934656
133.8929175,7.7119452
133.7689489,7.74770173
134.1855553,7.66007178
133.854977,7.48513598
133.9509078,7.68100488
133.7584136,7.68936964
134.0310579,7.70328171
133.9594195,7.6343095
134.1001211,7.56276813
133.9867341,7.73219314
133.7273169,7.72920362
133.6543484,7.58644449
133.8477363,7.53662824
134.1209951,7.6405059
134.013681,7.67354615
133.8850811,7.79681495
133.8244174,7.68124849
133.6872329,7.6949398
133.9225686,7.73506439
133.9451095,7.57345795
134.1927216,7.78328737
133.6413586,7.71723437
134.1163362,7.70179129
134.0621931,7.53408708
133.8129155,7.74750298
133.680371,7.55091034
133.9359089,7.74727751
134.0106496,7.68209362
134.1491825,7.53795823
133.9011038,7.57376165
133.74904,7.66136768
133.9039931,7.58537048
133.9335063,7.48803346
134.2357012,7.56258898
133.6521648,7.77865951
134.0838446,7.63503855
133.6004066,7.47723263
133.8213427,7.63866999
134.2097869,7.53036142
133.7215153,7.5878077
133.8428436,7.80878714
134.0275369,7.73738537
134.0954651,7.79282031
133.789786,7.58042288
134.0135742,7.60746521
134.0728454,7.72789159
134.1536672,7.59986421
133.8308747,7.63497212
133.7671848,7.57048855
133.6052974,7.55012451
134.1389558,7.72278487
133.8322321,7.58264344
134.0007966,7.66450889
133.7676632,7.62409035
134.0492536,7.63301963
134.2348999,7.75790956
134.0074708,7.68437043
133.9178126,7.55352423
133.850935,7.60686371
134.2063011,7.64552398
133.956994,7.47273014
134.1878458,7.63282591
133.6449417,7.61846226
134.1926746,7.64265619
133.6624805,7.55935158
133.6958057,7.50690354
133.7132202,7.53381731
133.8693687,7.74538271
133.8541771,7.5224683
133.6533623,7.6428445
134.2390193,7.5414453
134.2190077,7.63399834
134.1533224,7.47154867
133.9942576,7.58530198
134.1248224,7.56491083
133.7319978,7.67740288
134.2084158,7.52031811
134.0475186,7.69407488
134.039253,7.49375412
133.7468164,7.54714725
133.9000239,7.50824769
133.9650536,7.79148203
133.9221492,7.67729185
133.795467,7.65906519
134.2155513,7.75498353
133.8699396,7.76588892
133.7357968,7.63711939
134.1234602,7.76166727
133.9148575,7.63646761
133.8601517,7.78334429
134.1724507,7.61190804
133.6486957,7.50095719
133.8939628,7.80116612
133.9881813,7.78660816
133.9248764,7.63600307
133.6254216,7.63932914
133.7699084,7.71998906
133.6283529,7.70326061
133.9863973,7.75867246
134.2113125,7.57120531
133.8303306,7.58204531
134.0964621,7.55175661
134.0245441,7.80020574
134.1595328,7.69157612
134.2082022,7.75544108
133.8801169,7.68113865
134.0667878,7.58292432
133.8122953,7.80813526
134.1509981,7.52922075
133.6514026,7.63673995
133.9896178,7.59404163
134.1834792,7.46890233
133.8592964,7.73310417
133.8429516,7.77623799
134.1588909,7.63428461
133.8856494,7.67820495
133.7923981,7.80087125
133.8005286,7.47812514
133.9939029,7.64794532
134.1613355,7.51269314
133.8124839,7.79992949
133.7626198,7.56564763
133.5985709,7.51903691
133.7124878,7.71402147
133.7705045,7.73254825
134.132966,7.68392646
133.7585006,7.52047851
133.6398201,7.5702629
133.7308343,7.48859165
133.7747787,7.67661241
133.7273564,7.530397
134.1678406,7.49173777
133.6676027,7.77284134
133.8426938,7.74060054
133.6604696,7.56766058
134.0293658,7.55368407
133.733798,7.79070663
133.7521845,7.48803803